-- Adminer 4.1.0 MySQL dump

SET NAMES utf8;
SET time_zone = '+00:00';
SET foreign_key_checks = 0;
SET sql_mode = 'NO_AUTO_VALUE_ON_ZERO';

DROP TABLE IF EXISTS `auth`;
CREATE TABLE `auth` (
  `id` int(10) unsigned NOT NULL AUTO_INCREMENT,
  `uid` int(10) unsigned NOT NULL,
  `tid` int(10) unsigned NOT NULL,
  PRIMARY KEY (`id`)
) ENGINE=InnoDB DEFAULT CHARSET=utf8;

INSERT INTO `auth` (`id`, `uid`, `tid`) VALUES
(2,	1,	2),
(7,	1,	3),
(8,	1,	4),
(9,	1,	5),
(10,	1,	6),
(11,	1,	12),
(12,	1,	11),
(13,	1,	10),
(14,	1,	9),
(15,	1,	8),
(16,	1,	7),
(17,	1,	13),
(19,	1,	14),
(20,	1,	15),
(22,	1,	17),
(23,	1,	18),
(24,	1,	16);

DROP TABLE IF EXISTS `file`;
CREATE TABLE `file` (
  `id` int(16) NOT NULL AUTO_INCREMENT,
  `show_name` varchar(128) NOT NULL,
  `md5` varchar(128) NOT NULL,
  `size` int(16) DEFAULT NULL,
  `insert_date` varchar(64) NOT NULL,
  `ext` varchar(16) DEFAULT NULL,
  `sort` int(16) DEFAULT NULL,
  PRIMARY KEY (`id`)
) ENGINE=InnoDB DEFAULT CHARSET=utf8;

INSERT INTO `file` (`id`, `show_name`, `md5`, `size`, `insert_date`, `ext`, `sort`) VALUES
(108,	'welcome_1.jpg',	'a2c3dcc7b8a1e83bd88a02b1049173dd.jpg',	48467,	'2014-10-21 10:58:41',	'jpg',	0),
(109,	'welcome_2.jpg',	'c26665c9b8416cd2835c7180c8b36ec9.jpg',	59034,	'2014-10-21 10:58:47',	'jpg',	1),
(110,	'welcome_3.jpg',	'7c94b2bc8693d3286d40d64ec94703b4.jpg',	48089,	'2014-10-21 10:58:53',	'jpg',	2),
(111,	'welcome_4.jpg',	'a943a17913470423e328f48932299270.jpg',	44960,	'2014-10-21 10:58:56',	'jpg',	3),
(112,	'welcome_5.jpg',	'bd460e1d3fb4d6cc4496e1f03d5c7670.jpg',	6893,	'2014-10-21 10:59:01',	'jpg',	4),
(113,	'welcome_6.jpg',	'974b3a7b8811395c5b14f0fb01c387fb.jpg',	4861,	'2014-10-21 10:59:06',	'jpg',	5),
(114,	'welcome_7.jpg',	'fef619f90e36348e2cce29660ae21951.jpg',	4379,	'2014-10-21 10:59:13',	'jpg',	6),
(115,	'welcome_8.jpg',	'55596a727a534cb992c5709425371ba8.jpg',	4382,	'2014-10-21 10:59:19',	'jpg',	7),
(116,	'welcome_9.jpg',	'78174e841f2f844da823f1742f17fc22.jpg',	4073,	'2014-10-21 10:59:32',	'jpg',	8),
(117,	'welcome_10.jpg',	'0052a2bc9b2b2162c1ae46a87bb3c2c0.jpg',	2918,	'2014-10-21 10:59:37',	'jpg',	9),
(118,	'welcome_11.jpg',	'47bb20fac12ca17802876fc246e31ca0.jpg',	2529,	'2014-10-21 10:59:43',	'jpg',	10),
(119,	'welcome_12.jpg',	'667b8d641f0b5fde631c1539c18f361c.jpg',	3369,	'2014-10-21 10:59:48',	'jpg',	11),
(120,	'A_1.jpg',	'c0c4b2c3beb79e3b6a9eba93793100c9.jpg',	15193,	'2014-10-21 11:02:28',	'jpg',	12),
(121,	'A_2.jpg',	'12a4cd0d9bd3b8dc2eeffa2d9414c33e.jpg',	14137,	'2014-10-21 11:02:29',	'jpg',	13),
(122,	'A_3.jpg',	'3430a7281307021248d89e8b0924449a.jpg',	14392,	'2014-10-21 11:02:29',	'jpg',	14),
(123,	'A_4.jpg',	'c0c985b7b62aa12606f5b630870c8b8c.jpg',	18212,	'2014-10-21 11:02:29',	'jpg',	15),
(124,	'A_5.jpg',	'3eddda7ca0506de402d60d948abbd18d.jpg',	11770,	'2014-10-21 11:02:29',	'jpg',	16),
(125,	'A_6.jpg',	'fa632cf90692e4d98d5e0c3198478572.jpg',	13437,	'2014-10-21 11:02:29',	'jpg',	17),
(126,	'A_7.jpg',	'bdff340fe8efe9783bfa66556858d6ae.jpg',	18191,	'2014-10-21 11:02:30',	'jpg',	18),
(127,	'animal_1.jpg',	'8ebbd1159bdeda4491c90181e5617c66.jpg',	85800,	'2014-10-21 11:02:58',	'jpg',	19),
(128,	'animal_2.jpg',	'de4b0952a070cfbf7a1dea81e0c4c8f4.jpg',	38340,	'2014-10-21 11:02:58',	'jpg',	20),
(129,	'animal_3.jpg',	'b7610c82ec14b8606093d7d84a12ca51.jpg',	104277,	'2014-10-21 11:02:58',	'jpg',	21),
(130,	'animal_4.jpg',	'f9571d254c272956954453b582c57e1c.jpg',	111536,	'2014-10-21 11:02:58',	'jpg',	22),
(131,	'animal_5.jpg',	'a777b61abd9635a6d603aaca2bfac85b.jpg',	63218,	'2014-10-21 11:02:58',	'jpg',	23),
(132,	'animal_6.jpg',	'1feefb584f6c8e29f6e1e3f1262c5543.jpg',	90658,	'2014-10-21 11:02:59',	'jpg',	24),
(133,	'B_1.jpg',	'50e63cce9da1d05b144bd1932afaaee7.jpg',	12085,	'2014-10-21 11:03:20',	'jpg',	25),
(134,	'B_2.jpg',	'd6565191d8c6228d856f9f1196f7f39d.jpg',	13389,	'2014-10-21 11:03:21',	'jpg',	26),
(135,	'B_3.jpg',	'71e8c0d1b58a3adb07ce1c55a1f24273.jpg',	14156,	'2014-10-21 11:03:21',	'jpg',	27),
(136,	'B_4.jpg',	'cde1698af61d22cc6e4b2cca276a4629.jpg',	8328,	'2014-10-21 11:03:21',	'jpg',	28),
(137,	'B_5.jpg',	'9c6bfe8ad7ce4f628ddb647ba81dd979.jpg',	13761,	'2014-10-21 11:03:21',	'jpg',	29),
(138,	'B_6.jpg',	'3fbbe1d1e3d08c70ccabf44147ed3403.jpg',	4316,	'2014-10-21 11:03:21',	'jpg',	30),
(139,	'B_7.jpg',	'ee19632a187b360ba12806ca8fd72417.jpg',	14960,	'2014-10-21 11:03:21',	'jpg',	31),
(140,	'C_1.jpg',	'474272d5b1bc77bbe749b047202fcb07.jpg',	15662,	'2014-10-21 11:04:02',	'jpg',	32),
(141,	'C_2.jpg',	'2824101bad7994d4ff118f6750efb454.jpg',	14557,	'2014-10-21 11:04:02',	'jpg',	33),
(142,	'C_3.jpg',	'48b661c08292e0dbe429093976e410cb.jpg',	10456,	'2014-10-21 11:04:03',	'jpg',	34),
(143,	'C_4.jpg',	'4cb387f9535f4018f96d96697fc81a2e.jpg',	14414,	'2014-10-21 11:04:03',	'jpg',	35),
(144,	'C_5.jpg',	'0e311092f196a53ec7bfd2cf81f5e90b.jpg',	16765,	'2014-10-21 11:04:03',	'jpg',	36),
(145,	'C_6.jpg',	'6b3222df760c97ead0c30a71470923ec.jpg',	10990,	'2014-10-21 11:04:03',	'jpg',	37),
(146,	'C_7.jpg',	'487afbe446bd6bdcd4617f20d5df4c29.jpg',	6616,	'2014-10-21 11:04:03',	'jpg',	38),
(147,	'cartoon_1.jpg',	'9b0767f77ca7737e2a81ceb0eae49aca.jpg',	94220,	'2014-10-21 11:04:20',	'jpg',	39),
(148,	'cartoon_2.jpg',	'ec86a3a736f183b1c5a935f3b475c18a.jpg',	57361,	'2014-10-21 11:04:20',	'jpg',	40),
(149,	'cartoon_3.jpg',	'15b7289e64b53a9d728258662417e635.jpg',	92365,	'2014-10-21 11:04:21',	'jpg',	41),
(150,	'cartoon_4.jpg',	'213495e24fd50064d5e06d6c1bf661d3.jpg',	110830,	'2014-10-21 11:04:21',	'jpg',	42),
(151,	'cartoon_5.jpg',	'3a3daa79ffc95a970344b203b9ce64e3.jpg',	76556,	'2014-10-21 11:04:21',	'jpg',	43),
(152,	'cartoon_6.jpg',	'9931e8b8e0ad7e7f093e756ac3ebad4b.jpg',	83580,	'2014-10-21 11:04:21',	'jpg',	44),
(153,	'common_1.jpg',	'900868406715056bca77c369e356cd37.jpg',	968547,	'2014-10-21 11:04:37',	'jpg',	45),
(154,	'common_2.jpg',	'28aa583de65844509ce50ee178e3915a.jpg',	308161,	'2014-10-21 11:04:38',	'jpg',	46),
(155,	'common_3.jpg',	'2a54e59fb3e7fa2e1cc3ed345910ead3.jpg',	123926,	'2014-10-21 11:04:38',	'jpg',	47),
(156,	'common_4.jpg',	'691e20ab5bd4bc4fa329cdc086769a75.jpg',	636304,	'2014-10-21 11:04:38',	'jpg',	48),
(157,	'common_5.jpg',	'0f4dba144039ac8821566cec1fbe1d46.jpg',	175303,	'2014-10-21 11:04:38',	'jpg',	49),
(158,	'common_6.jpg',	'2fcb269ae1c8913679e9ce2427a98149.jpg',	1106796,	'2014-10-21 11:04:39',	'jpg',	50),
(159,	'common_7.jpg',	'355e23f0a08c9652f41b4a17fd165a7e.jpg',	497846,	'2014-10-21 11:04:39',	'jpg',	51),
(160,	'common_8.jpg',	'5f2b513570575528decc66e66e5976de.jpg',	486723,	'2014-10-21 11:04:39',	'jpg',	52),
(161,	'common_9.jpg',	'4c0e12d6f16d59634e3e36a5a5d5f6e8.jpg',	402516,	'2014-10-21 11:04:39',	'jpg',	53),
(162,	'D_1.jpg',	'9ebf8f6090223bcbc4b413566849d308.jpg',	6714,	'2014-10-21 11:05:26',	'jpg',	54),
(163,	'D_2.jpg',	'e8410a41f2565653ed34ea5d80ac0b00.jpg',	8721,	'2014-10-21 11:05:26',	'jpg',	55),
(164,	'D_3.jpg',	'51b88a0d92c6ef8c20c25b4cbe0a5dea.jpg',	14379,	'2014-10-21 11:05:26',	'jpg',	56),
(165,	'D_4.jpg',	'9ebf8f6090223bcbc4b413566849d308.jpg',	6714,	'2014-10-21 11:05:27',	'jpg',	57),
(166,	'D_5.jpg',	'85ff83e0765fc4c14cfc9091c5ca5e2e.jpg',	9060,	'2014-10-21 11:05:27',	'jpg',	58),
(167,	'D_6.jpg',	'873f322cc07b79564b2c5199a5d35d21.jpg',	1431,	'2014-10-21 11:05:27',	'jpg',	59),
(168,	'D_7.jpg',	'0bd99b5c2e234b4f4029a14682e9e4a9.jpg',	2488,	'2014-10-21 11:05:27',	'jpg',	60),
(169,	'E_1.jpg',	'26939743589c923b710a750fa20e076c.jpg',	6233,	'2014-10-21 11:05:42',	'jpg',	61),
(170,	'E_2.jpg',	'5f4f98492862f3e2197ed2a07b586b2d.jpg',	3329,	'2014-10-21 11:05:43',	'jpg',	62),
(171,	'E_3.jpg',	'ef9cedafb057fb633029f7859471e997.jpg',	7205,	'2014-10-21 11:05:43',	'jpg',	63),
(172,	'E_4.jpg',	'ca7d88a2f328544df8ab19fe67443276.jpg',	12703,	'2014-10-21 11:05:43',	'jpg',	64),
(173,	'E_5.jpg',	'22cf3958c128f43d016aa36e7bb1a83f.jpg',	5564,	'2014-10-21 11:05:43',	'jpg',	65),
(174,	'E_6.jpg',	'b9218c656609b7e5d15c773995f5320a.jpg',	7494,	'2014-10-21 11:05:43',	'jpg',	66),
(175,	'E_7.jpg',	'238fa85275144b8b64ce299d63444780.jpg',	9492,	'2014-10-21 11:05:43',	'jpg',	67),
(176,	'F_1.jpg',	'fb7639487e64bc5baa6760de032192e6.jpg',	16626,	'2014-10-21 11:05:58',	'jpg',	68),
(177,	'F_2.jpg',	'c56b0b335b95e3330dbfbbad9f2f4032.jpg',	8553,	'2014-10-21 11:05:58',	'jpg',	69),
(178,	'F_3.jpg',	'3844a6a05fe5f086b742ccfed4864854.jpg',	3423,	'2014-10-21 11:05:58',	'jpg',	70),
(179,	'F_4.jpg',	'c694e16997d0382d17a29523ccc78b6a.jpg',	11917,	'2014-10-21 11:05:58',	'jpg',	71),
(180,	'F_5.jpg',	'0f78fd90743b54e4e29b3b2898cd5bd2.jpg',	3663,	'2014-10-21 11:05:59',	'jpg',	72),
(181,	'F_6.jpg',	'1ca673f97dd144a6a886b2809f01b429.jpg',	11229,	'2014-10-21 11:05:59',	'jpg',	73),
(182,	'F_7.jpg',	'4540db0d3448c2381ea8f5a83079dbb9.jpg',	15461,	'2014-10-21 11:05:59',	'jpg',	74),
(183,	'G_1.jpg',	'd56dbb2a2fed1374347c8ad3648d755e.jpg',	12100,	'2014-10-21 11:06:10',	'jpg',	75),
(184,	'G_2.jpg',	'69da9931a7e78ea9797d282e8deb69cb.jpg',	10965,	'2014-10-21 11:06:10',	'jpg',	76),
(185,	'G_3.jpg',	'8b08278a7d938d8751e5ff376e782d42.jpg',	5016,	'2014-10-21 11:06:11',	'jpg',	77),
(186,	'G_4.jpg',	'ec2b4d7f7fefbb52dd3b65c96911538d.jpg',	7639,	'2014-10-21 11:06:11',	'jpg',	78),
(187,	'G_5.jpg',	'356686d47bdc42a651c615586a847892.jpg',	15189,	'2014-10-21 11:06:11',	'jpg',	79),
(188,	'G_6.jpg',	'4b2568421907e14559be6b165dcffa86.jpg',	4932,	'2014-10-21 11:06:11',	'jpg',	80),
(189,	'G_7.jpg',	'e13d98829dbe7fc1b5056695ab535d23.jpg',	5988,	'2014-10-21 11:06:11',	'jpg',	81),
(190,	'games_1.jpg',	'ca7b8b56d168a2c4062f53b73e48e5d9.jpg',	88241,	'2014-10-21 11:06:24',	'jpg',	82),
(191,	'games_2.jpg',	'209965560c3590cbc2158644b5d9717d.jpg',	94397,	'2014-10-21 11:06:24',	'jpg',	83),
(192,	'games_3.jpg',	'2f50c732feadcc010786c57474763198.jpg',	106548,	'2014-10-21 11:06:24',	'jpg',	84),
(193,	'games_5.jpg',	'07f7198c0580dcf17015c236471b8466.jpg',	72955,	'2014-10-21 11:06:24',	'jpg',	85),
(194,	'games_6.jpg',	'02b90c86259fd0060da1178840a93b8e.jpg',	79655,	'2014-10-21 11:06:24',	'jpg',	86),
(195,	'games_7.jpg',	'c1877cb1ca3039515d311ea9543dd063.jpg',	93164,	'2014-10-21 11:06:24',	'jpg',	87),
(196,	'secenery_1.jpg',	'5316a164c4d15654fc8c7013249f7e2f.jpg',	105709,	'2014-10-21 11:06:36',	'jpg',	88),
(197,	'secenery_2.jpg',	'2c5343635a0209c43ad86e3df2fbefa7.jpg',	101977,	'2014-10-21 11:06:36',	'jpg',	89),
(198,	'secenery_3.jpg',	'0e3fc56630bcef8e6f2567c81c80f01e.jpg',	119461,	'2014-10-21 11:06:36',	'jpg',	90),
(199,	'secenery_4.jpg',	'0a62d658274ea234977589eba72dc53c.jpg',	91434,	'2014-10-21 11:06:36',	'jpg',	91),
(200,	'secenery_5.jpg',	'0715a3311be3c53f0496d19ccd6e87be.jpg',	72662,	'2014-10-21 11:06:37',	'jpg',	92),
(201,	'secenery_6.jpg',	'4f707ea4ff80123f41f9dfdb1e65ed93.jpg',	201936,	'2014-10-21 11:06:37',	'jpg',	93),
(202,	'H_1.jpg',	'c0c4b2c3beb79e3b6a9eba93793100c9.jpg',	15193,	'2014-10-21 11:08:06',	'jpg',	94),
(203,	'H_2.jpg',	'12a4cd0d9bd3b8dc2eeffa2d9414c33e.jpg',	14137,	'2014-10-21 11:08:06',	'jpg',	95),
(204,	'H_3.jpg',	'3430a7281307021248d89e8b0924449a.jpg',	14392,	'2014-10-21 11:08:07',	'jpg',	96),
(205,	'H_4.jpg',	'c0c985b7b62aa12606f5b630870c8b8c.jpg',	18212,	'2014-10-21 11:08:07',	'jpg',	97),
(206,	'H_5.jpg',	'3eddda7ca0506de402d60d948abbd18d.jpg',	11770,	'2014-10-21 11:08:07',	'jpg',	98),
(207,	'H_6.jpg',	'fa632cf90692e4d98d5e0c3198478572.jpg',	13437,	'2014-10-21 11:08:07',	'jpg',	99),
(208,	'H_7.jpg',	'bdff340fe8efe9783bfa66556858d6ae.jpg',	18191,	'2014-10-21 11:08:07',	'jpg',	100),
(209,	'test.jpg',	'a2c3dcc7b8a1e83bd88a02b1049173dd.jpg',	48467,	'2014-10-21 11:19:46',	'jpg',	101),
(210,	'test1.jpg',	'a2c3dcc7b8a1e83bd88a02b1049173dd.jpg',	48467,	'2014-10-21 11:36:54',	'jpg',	102),
(211,	'test12.jpg',	'a2c3dcc7b8a1e83bd88a02b1049173dd.jpg',	48467,	'2014-10-21 11:41:31',	'jpg',	103),
(212,	'H_8.jpg',	'bdff340fe8efe9783bfa66556858d6ae.jpg',	18191,	'2014-10-22 15:38:50',	'jpg',	104),
(213,	'复件 H_8.jpg',	'bdff340fe8efe9783bfa66556858d6ae.jpg',	18191,	'2014-10-24 19:08:59',	'jpg',	105),
(214,	'H_9.jpg',	'bdff340fe8efe9783bfa66556858d6ae.jpg',	18191,	'2014-10-24 19:11:30',	'jpg',	106),
(215,	'number_0.jpg',	'c3eaaa522133673fc829da6002f1c49f.jpg',	4476,	'2014-10-24 20:21:07',	'jpg',	107),
(216,	'number_1.jpg',	'5c19a50a52ee15543c3bf76447ccecba.jpg',	9497,	'2014-10-24 20:21:08',	'jpg',	108),
(217,	'number_2.jpg',	'0b7f9212fb1d728a2f8c834ac7e9facc.jpg',	11151,	'2014-10-24 20:21:08',	'jpg',	109),
(218,	'number_3.jpg',	'385fde5eee15b5784303e282d90c7f22.jpg',	3818,	'2014-10-24 20:21:08',	'jpg',	110),
(219,	'number_4.jpg',	'fef1a808785faee1df78411067eec81a.jpg',	7063,	'2014-10-24 20:21:08',	'jpg',	111),
(220,	'number_5.jpg',	'6dc86c56f712d5b599eba5cf51de7459.jpg',	8383,	'2014-10-24 20:21:08',	'jpg',	112),
(221,	'number_6.jpg',	'd003f5fe75940f5f37f643224b01e237.jpg',	7418,	'2014-10-24 20:21:09',	'jpg',	113),
(222,	'number_7.jpg',	'5a37a08b334c1adca2437726451d40cb.jpg',	10566,	'2014-10-24 20:21:09',	'jpg',	114),
(223,	'number_8.jpg',	'73600e0e9bb22b1bce8b295c91f341d3.jpg',	6364,	'2014-10-24 20:21:09',	'jpg',	115),
(224,	'number_9.jpg',	'ba8f63b89eb192367eedd4da74c906ec.jpg',	6134,	'2014-10-24 20:21:09',	'jpg',	116),
(225,	'NBA_1.jpg',	'96127ae19288907b02291111fe3bf135.jpg',	11581,	'2014-10-24 20:32:18',	'jpg',	117),
(226,	'NBA_2.jpg',	'b466c3293026a5c76c6ded97d017dc9c.jpg',	12167,	'2014-10-24 20:32:18',	'jpg',	118),
(227,	'NBA_3.jpg',	'e997267463ccc2c55640174102e1bb3d.jpg',	12205,	'2014-10-24 20:32:18',	'jpg',	119),
(228,	'NBA_4.jpg',	'fdd2f7d3c0b111d03a29455af7da71f4.jpg',	15270,	'2014-10-24 20:32:18',	'jpg',	120),
(229,	'NBA_5.jpg',	'0296bb299b0909dd6b8405e92cdb4c69.jpg',	22827,	'2014-10-24 20:32:18',	'jpg',	121),
(230,	'NBA_6.jpg',	'a8893e8864f1da3988560c44a92e7734.jpg',	22050,	'2014-10-24 20:32:19',	'jpg',	122),
(231,	'NBA_7.jpg',	'fe12b9d714d54ec6119bcc27328f7d73.jpg',	10409,	'2014-10-24 20:32:19',	'jpg',	123),
(232,	'NBA_8.jpg',	'4216e63e33abb7763183872b6abab393.jpg',	11975,	'2014-10-24 20:32:19',	'jpg',	124),
(233,	'NBA_9.jpg',	'c01c98778c73641e79bb0bfc81ebc464.jpg',	13621,	'2014-10-24 20:32:19',	'jpg',	125),
(234,	'NBA_10.jpg',	'21aedd6168897a0a49e5efd93b23211c.jpg',	13886,	'2014-10-24 20:32:20',	'jpg',	126),
(235,	'NBA_11.jpg',	'd2412f9c0dc238089606e2ee1cf6989d.jpg',	16403,	'2014-10-24 20:32:20',	'jpg',	127),
(236,	'NBA_12.jpg',	'169a30d35317c333b8064361a6457af8.jpg',	9544,	'2014-10-24 20:32:20',	'jpg',	128);

DROP TABLE IF EXISTS `rel`;
CREATE TABLE `rel` (
  `id` int(32) NOT NULL AUTO_INCREMENT,
  `file_id` int(16) NOT NULL,
  `tag_id` int(32) NOT NULL,
  PRIMARY KEY (`id`)
) ENGINE=InnoDB DEFAULT CHARSET=utf8;

INSERT INTO `rel` (`id`, `file_id`, `tag_id`) VALUES
(225,	108,	40),
(226,	108,	1),
(227,	109,	40),
(228,	109,	2),
(229,	110,	40),
(230,	110,	3),
(231,	111,	40),
(232,	111,	4),
(233,	112,	40),
(234,	112,	5),
(236,	113,	6),
(237,	114,	40),
(238,	114,	7),
(239,	115,	40),
(240,	115,	8),
(241,	116,	40),
(242,	116,	9),
(243,	117,	40),
(244,	117,	10),
(245,	118,	40),
(246,	118,	11),
(247,	119,	40),
(248,	119,	12),
(250,	120,	1),
(252,	121,	1),
(254,	122,	1),
(256,	123,	1),
(258,	124,	1),
(260,	125,	1),
(262,	126,	1),
(264,	127,	2),
(266,	128,	2),
(268,	129,	2),
(270,	130,	2),
(272,	131,	2),
(274,	132,	2),
(276,	133,	3),
(278,	134,	3),
(280,	135,	3),
(281,	136,	34),
(282,	136,	3),
(284,	137,	3),
(286,	138,	3),
(287,	139,	34),
(288,	139,	3),
(290,	140,	4),
(291,	141,	35),
(292,	141,	4),
(294,	142,	4),
(296,	143,	4),
(297,	144,	35),
(298,	144,	4),
(300,	145,	4),
(301,	146,	35),
(302,	146,	4),
(304,	147,	5),
(306,	148,	5),
(308,	149,	5),
(310,	150,	5),
(312,	151,	5),
(313,	152,	29),
(314,	152,	5),
(315,	153,	30),
(316,	153,	6),
(317,	154,	30),
(318,	154,	6),
(319,	155,	30),
(320,	155,	6),
(321,	156,	30),
(322,	156,	6),
(324,	157,	6),
(326,	158,	6),
(327,	159,	30),
(328,	159,	6),
(329,	160,	30),
(330,	160,	6),
(331,	161,	30),
(332,	161,	6),
(334,	162,	7),
(335,	163,	36),
(336,	163,	7),
(338,	164,	7),
(339,	165,	36),
(340,	165,	7),
(341,	166,	36),
(342,	166,	7),
(343,	167,	36),
(344,	167,	7),
(345,	168,	36),
(346,	168,	7),
(347,	169,	37),
(348,	169,	8),
(350,	170,	8),
(352,	171,	8),
(353,	172,	37),
(354,	172,	8),
(355,	173,	37),
(356,	173,	8),
(357,	174,	37),
(358,	174,	8),
(359,	175,	37),
(360,	176,	38),
(361,	176,	9),
(362,	177,	38),
(363,	177,	9),
(365,	178,	9),
(367,	179,	9),
(368,	180,	38),
(369,	180,	9),
(370,	181,	38),
(371,	181,	9),
(372,	182,	38),
(373,	182,	9),
(374,	183,	39),
(375,	183,	10),
(376,	184,	39),
(377,	184,	10),
(379,	185,	10),
(381,	186,	10),
(382,	187,	39),
(383,	187,	10),
(384,	188,	39),
(385,	188,	10),
(386,	189,	39),
(387,	189,	10),
(388,	190,	31),
(389,	190,	11),
(390,	191,	31),
(391,	191,	11),
(392,	192,	31),
(393,	192,	11),
(395,	193,	11),
(397,	194,	11),
(398,	195,	31),
(399,	195,	11),
(400,	196,	32),
(401,	196,	11),
(402,	197,	32),
(403,	197,	11),
(404,	198,	32),
(405,	198,	11),
(406,	199,	32),
(407,	199,	11),
(408,	200,	32),
(409,	200,	11),
(410,	201,	32),
(411,	201,	11),
(412,	202,	48),
(413,	202,	12),
(414,	203,	48),
(415,	203,	12),
(417,	204,	12),
(419,	205,	12),
(421,	206,	12),
(422,	207,	48),
(423,	207,	12),
(424,	208,	48),
(425,	208,	12),
(426,	209,	18),
(427,	210,	19),
(428,	211,	19),
(429,	212,	48),
(430,	212,	18),
(469,	213,	1),
(470,	214,	1),
(471,	124,	33),
(472,	124,	50),
(473,	125,	33),
(474,	125,	50),
(475,	126,	33),
(476,	126,	50),
(477,	130,	28),
(478,	130,	50),
(479,	131,	28),
(480,	131,	50),
(481,	132,	28),
(482,	132,	50),
(483,	137,	34),
(484,	137,	50),
(485,	138,	34),
(486,	138,	50),
(489,	145,	35),
(490,	145,	50),
(491,	150,	29),
(492,	150,	50),
(493,	151,	29),
(494,	151,	50),
(495,	157,	30),
(496,	157,	50),
(497,	158,	30),
(498,	158,	50),
(499,	113,	40),
(500,	113,	50),
(501,	162,	36),
(502,	162,	50),
(503,	164,	36),
(504,	164,	50),
(505,	170,	37),
(506,	170,	50),
(507,	171,	37),
(508,	171,	50),
(509,	178,	38),
(510,	178,	50),
(511,	179,	38),
(512,	179,	50),
(513,	185,	39),
(514,	185,	50),
(515,	186,	39),
(516,	186,	50),
(517,	193,	31),
(518,	193,	50),
(519,	194,	31),
(520,	194,	50),
(521,	204,	48),
(522,	204,	50),
(523,	205,	48),
(524,	205,	50),
(525,	206,	48),
(526,	206,	50),
(527,	215,	49),
(528,	215,	1),
(529,	215,	2),
(530,	215,	3),
(531,	215,	4),
(532,	215,	5),
(533,	215,	6),
(534,	215,	7),
(535,	215,	8),
(536,	215,	9),
(537,	215,	10),
(538,	215,	11),
(539,	215,	12),
(540,	215,	13),
(541,	215,	14),
(542,	215,	15),
(543,	215,	16),
(544,	215,	17),
(545,	216,	49),
(546,	216,	1),
(547,	216,	2),
(548,	216,	3),
(549,	216,	4),
(550,	216,	5),
(551,	216,	6),
(552,	216,	7),
(553,	216,	8),
(554,	216,	9),
(555,	216,	10),
(556,	216,	11),
(557,	216,	12),
(558,	216,	13),
(559,	216,	14),
(560,	216,	15),
(561,	216,	16),
(562,	216,	17),
(563,	217,	49),
(564,	217,	1),
(565,	217,	2),
(566,	217,	3),
(567,	217,	4),
(568,	217,	5),
(569,	217,	6),
(570,	217,	7),
(571,	217,	8),
(572,	217,	9),
(573,	217,	10),
(574,	217,	11),
(575,	217,	12),
(576,	217,	13),
(577,	217,	14),
(578,	217,	15),
(579,	217,	16),
(580,	217,	17),
(581,	218,	49),
(582,	218,	1),
(583,	218,	2),
(584,	218,	3),
(585,	218,	4),
(586,	218,	5),
(587,	218,	6),
(588,	218,	7),
(589,	218,	8),
(590,	218,	9),
(591,	218,	10),
(592,	218,	11),
(593,	218,	12),
(594,	218,	13),
(595,	218,	14),
(596,	218,	15),
(597,	218,	16),
(598,	218,	17),
(599,	219,	49),
(600,	219,	1),
(601,	219,	2),
(602,	219,	3),
(603,	219,	4),
(604,	219,	5),
(605,	219,	6),
(606,	219,	7),
(607,	219,	8),
(608,	219,	9),
(609,	219,	10),
(610,	219,	11),
(611,	219,	12),
(612,	219,	13),
(613,	219,	14),
(614,	219,	15),
(615,	219,	16),
(616,	219,	17),
(617,	220,	49),
(618,	220,	1),
(619,	220,	2),
(620,	220,	3),
(621,	220,	4),
(622,	220,	5),
(623,	220,	6),
(624,	220,	7),
(625,	220,	8),
(626,	220,	9),
(627,	220,	10),
(628,	220,	11),
(629,	220,	12),
(630,	220,	13),
(631,	220,	14),
(632,	220,	15),
(633,	220,	16),
(634,	220,	17),
(635,	221,	49),
(636,	221,	1),
(637,	221,	2),
(638,	221,	3),
(639,	221,	4),
(640,	221,	5),
(641,	221,	6),
(642,	221,	7),
(643,	221,	8),
(644,	221,	9),
(645,	221,	10),
(646,	221,	11),
(647,	221,	12),
(648,	221,	13),
(649,	221,	14),
(650,	221,	15),
(651,	221,	16),
(652,	221,	17),
(653,	222,	49),
(654,	222,	1),
(655,	222,	2),
(656,	222,	3),
(657,	222,	4),
(658,	222,	5),
(659,	222,	6),
(660,	222,	7),
(661,	222,	8),
(662,	222,	9),
(663,	222,	10),
(664,	222,	11),
(665,	222,	12),
(666,	222,	13),
(667,	222,	14),
(668,	222,	15),
(669,	222,	16),
(670,	222,	17),
(671,	223,	49),
(672,	223,	1),
(673,	223,	2),
(674,	223,	3),
(675,	223,	4),
(676,	223,	5),
(677,	223,	6),
(678,	223,	7),
(679,	223,	8),
(680,	223,	9),
(681,	223,	10),
(682,	223,	11),
(683,	223,	12),
(684,	223,	13),
(685,	223,	14),
(686,	223,	15),
(687,	223,	16),
(688,	223,	17),
(689,	224,	49),
(690,	224,	1),
(691,	224,	2),
(692,	224,	3),
(693,	224,	4),
(694,	224,	5),
(695,	224,	6),
(696,	224,	7),
(697,	224,	8),
(698,	224,	9),
(699,	224,	10),
(700,	224,	11),
(701,	224,	12),
(702,	224,	13),
(703,	224,	14),
(704,	224,	15),
(705,	224,	16),
(706,	224,	17),
(707,	123,	33),
(708,	122,	33),
(709,	120,	33),
(710,	121,	33),
(711,	127,	28),
(712,	128,	28),
(713,	129,	28),
(714,	133,	34),
(715,	134,	34),
(716,	135,	34),
(717,	140,	35),
(718,	142,	35),
(719,	143,	35),
(720,	147,	29),
(721,	148,	29),
(722,	149,	29),
(723,	225,	51),
(724,	225,	1),
(725,	225,	2),
(726,	225,	3),
(727,	225,	4),
(728,	225,	5),
(729,	225,	6),
(730,	225,	7),
(731,	225,	8),
(732,	225,	9),
(733,	225,	10),
(734,	225,	11),
(735,	225,	12),
(736,	225,	13),
(737,	225,	14),
(738,	225,	15),
(739,	225,	16),
(740,	225,	17),
(741,	226,	51),
(742,	226,	1),
(743,	226,	2),
(744,	226,	3),
(745,	226,	4),
(746,	226,	5),
(747,	226,	6),
(748,	226,	7),
(749,	226,	8),
(750,	226,	9),
(751,	226,	10),
(752,	226,	11),
(753,	226,	12),
(754,	226,	13),
(755,	226,	14),
(756,	226,	15),
(757,	226,	16),
(758,	226,	17),
(759,	227,	51),
(760,	227,	1),
(761,	227,	2),
(762,	227,	3),
(763,	227,	4),
(764,	227,	5),
(765,	227,	6),
(766,	227,	7),
(767,	227,	8),
(768,	227,	9),
(769,	227,	10),
(770,	227,	11),
(771,	227,	12),
(772,	227,	13),
(773,	227,	14),
(774,	227,	15),
(775,	227,	16),
(776,	227,	17),
(777,	228,	51),
(778,	228,	1),
(779,	228,	2),
(780,	228,	3),
(781,	228,	4),
(782,	228,	5),
(783,	228,	6),
(784,	228,	7),
(785,	228,	8),
(786,	228,	9),
(787,	228,	10),
(788,	228,	11),
(789,	228,	12),
(790,	228,	13),
(791,	228,	14),
(792,	228,	15),
(793,	228,	16),
(794,	228,	17),
(795,	229,	51),
(796,	229,	1),
(797,	229,	2),
(798,	229,	3),
(799,	229,	4),
(800,	229,	5),
(801,	229,	6),
(802,	229,	7),
(803,	229,	8),
(804,	229,	9),
(805,	229,	10),
(806,	229,	11),
(807,	229,	12),
(808,	229,	13),
(809,	229,	14),
(810,	229,	15),
(811,	229,	16),
(812,	229,	17),
(813,	230,	51),
(814,	230,	1),
(815,	230,	2),
(816,	230,	3),
(817,	230,	4),
(818,	230,	5),
(819,	230,	6),
(820,	230,	7),
(821,	230,	8),
(822,	230,	9),
(823,	230,	10),
(824,	230,	11),
(825,	230,	12),
(826,	230,	13),
(827,	230,	14),
(828,	230,	15),
(829,	230,	16),
(830,	230,	17),
(831,	231,	51),
(832,	231,	1),
(833,	231,	2),
(834,	231,	3),
(835,	231,	4),
(836,	231,	5),
(837,	231,	6),
(838,	231,	7),
(839,	231,	8),
(840,	231,	9),
(841,	231,	10),
(842,	231,	11),
(843,	231,	12),
(844,	231,	13),
(845,	231,	14),
(846,	231,	15),
(847,	231,	16),
(848,	231,	17),
(849,	232,	51),
(850,	232,	1),
(851,	232,	2),
(852,	232,	3),
(853,	232,	4),
(854,	232,	5),
(855,	232,	6),
(856,	232,	7),
(857,	232,	8),
(858,	232,	9),
(859,	232,	10),
(860,	232,	11),
(861,	232,	12),
(862,	232,	13),
(863,	232,	14),
(864,	232,	15),
(865,	232,	16),
(866,	232,	17),
(867,	233,	51),
(868,	233,	1),
(869,	233,	2),
(870,	233,	3),
(871,	233,	4),
(872,	233,	5),
(873,	233,	6),
(874,	233,	7),
(875,	233,	8),
(876,	233,	9),
(877,	233,	10),
(878,	233,	11),
(879,	233,	12),
(880,	233,	13),
(881,	233,	14),
(882,	233,	15),
(883,	233,	16),
(884,	233,	17),
(885,	234,	51),
(886,	234,	1),
(887,	234,	2),
(888,	234,	3),
(889,	234,	4),
(890,	234,	5),
(891,	234,	6),
(892,	234,	7),
(893,	234,	8),
(894,	234,	9),
(895,	234,	10),
(896,	234,	11),
(897,	234,	12),
(898,	234,	13),
(899,	234,	14),
(900,	234,	15),
(901,	234,	16),
(902,	234,	17),
(903,	235,	51),
(904,	235,	1),
(905,	235,	2),
(906,	235,	3),
(907,	235,	4),
(908,	235,	5),
(909,	235,	6),
(910,	235,	7),
(911,	235,	8),
(912,	235,	9),
(913,	235,	10),
(914,	235,	11),
(915,	235,	12),
(916,	235,	13),
(917,	235,	14),
(918,	235,	15),
(919,	235,	16),
(920,	235,	17),
(921,	236,	51),
(922,	236,	1),
(923,	236,	2),
(924,	236,	3),
(925,	236,	4),
(926,	236,	5),
(927,	236,	6),
(928,	236,	7),
(929,	236,	8),
(930,	236,	9),
(931,	236,	10),
(932,	236,	11),
(933,	236,	12),
(934,	236,	13),
(935,	236,	14),
(936,	236,	15),
(937,	236,	16),
(938,	236,	17);

DROP TABLE IF EXISTS `tag`;
CREATE TABLE `tag` (
  `id` int(32) NOT NULL AUTO_INCREMENT,
  `name` varchar(256) NOT NULL,
  `type` varchar(32) DEFAULT 'normal' COMMENT 'tag是否为内置，内置的tag不能被管理',
  `class` varchar(32) DEFAULT NULL,
  PRIMARY KEY (`id`)
) ENGINE=InnoDB DEFAULT CHARSET=utf8;

INSERT INTO `tag` (`id`, `name`, `type`, `class`) VALUES
(1,	'TV_1',	'inner',	'tv'),
(2,	'TV_2',	'inner',	'tv'),
(3,	'TV_3',	'inner',	'tv'),
(4,	'TV_4',	'inner',	'tv'),
(5,	'TV_5',	'inner',	'tv'),
(6,	'TV_6',	'inner',	'tv'),
(7,	'TV_7',	'inner',	'tv'),
(8,	'TV_8',	'inner',	'tv'),
(9,	'TV_9',	'inner',	'tv'),
(10,	'TV_10',	'inner',	'tv'),
(11,	'TV_11',	'inner',	'tv'),
(12,	'TV_12',	'inner',	'tv'),
(13,	'TV_13',	'inner',	'tv'),
(14,	'TV_14',	'inner',	'tv'),
(15,	'TV_15',	'inner',	'tv'),
(16,	'TV_16',	'inner',	'tv'),
(17,	'TV_17',	'inner',	'tv'),
(18,	'QX_1',	'inner',	'qx'),
(19,	'HM_1',	'inner',	'hm'),
(28,	'animal',	'normal',	NULL),
(29,	'cartoon',	'normal',	NULL),
(30,	'common',	'normal',	NULL),
(31,	'games',	'normal',	NULL),
(32,	'secenery',	'normal',	NULL),
(33,	'A',	'normal',	NULL),
(34,	'B',	'normal',	NULL),
(35,	'C',	'normal',	NULL),
(36,	'D',	'normal',	NULL),
(37,	'E',	'normal',	NULL),
(38,	'F',	'normal',	NULL),
(39,	'G',	'normal',	NULL),
(40,	'welcome',	'normal',	NULL),
(41,	'asdf',	'normal',	NULL),
(42,	'sassss',	'normal',	NULL),
(43,	'fff',	'normal',	NULL),
(44,	'dd',	'normal',	NULL),
(45,	'555',	'normal',	NULL),
(46,	'ss',	'normal',	NULL),
(47,	'ddddd',	'normal',	NULL),
(48,	'H',	'normal',	NULL),
(49,	'update',	'normal',	NULL),
(50,	'default',	'normal',	NULL),
(51,	'temp',	'normal',	NULL);

DROP TABLE IF EXISTS `user`;
CREATE TABLE `user` (
  `uid` int(8) unsigned NOT NULL AUTO_INCREMENT,
  `uname` varchar(64) NOT NULL,
  `pwd` varchar(128) NOT NULL,
  `role` varchar(16) NOT NULL DEFAULT 'normal',
  PRIMARY KEY (`uid`)
) ENGINE=InnoDB DEFAULT CHARSET=utf8;

INSERT INTO `user` (`uid`, `uname`, `pwd`, `role`) VALUES
(1,	'root',	'test',	'admin');

-- 2014-11-20 08:24:42
